Month,usdret_mean,usdret_winsor_mean,mortgage_rate_30y_pct,unemployment_rate_pct,cpi_inflation_yoy_pct,housing_permits_saar,epu
2003-01-01,-0.02096634615384615,-0.02077703846153846,5.916,5.799999999999999,,1808.0,184.77193548387095
2003-02-01,-0.005828712871287127,-0.0020784554455445543,5.842499999999999,5.900000000000001,,1854.0,192.12321428571428
2003-03-01,0.014654,0.014654,5.745,5.9,,1757.0,212.56935483870967
2003-04-01,0.06156262626262627,0.06156262626262627,5.8125,6.0,,1803.0,135.47866666666667
2003-05-01,0.07615757575757576,0.07184719191919191,5.484000000000001,6.1,,1835.0,116.63935483870968
2003-06-01,0.024374257425742576,0.024374257425742576,5.23,6.3,,1875.0,89.30199999999999
2003-07-01,0.05336930693069307,0.0531220198019802,5.6325,6.2,,1885.0,82.49387096774193
2003-08-01,0.008523762376237623,0.008523762376237623,6.264,6.099999999999999,,1966.0,89.77354838709678
2003-09-01,0.03276372549019608,0.03276372549019608,6.1475,6.1,,1961.0,96.158
2003-10-01,0.02048137254901961,0.022803803921568628,5.952000000000001,6.0,,2012.0,65.80032258064516
2003-11-01,0.044474257425742576,0.044474257425742576,5.9325,5.8,,1918.0,61.46699999999999
2003-12-01,0.035107,0.035107,5.876,5.7,,1987.0,73.56870967741936
2004-01-01,0.05131666666666667,0.05125219607843137,5.7125,5.7,2.026286966046009,1952.0,93.05129032258064
2004-02-01,0.013490384615384616,0.013490384615384616,5.635,5.6,1.688453159041381,1966.0,83.24655172413794
2004-03-01,0.045296190476190476,0.045296190476190476,5.445,5.8,1.7400761283306032,2066.0,63.193225806451615
2004-04-01,-0.12524380952380954,-0.12524380952380954,5.83,5.6,2.2925764192139875,2070.0,59.875
2004-05-01,0.0504625,0.0504625,6.27,5.6,2.8977583378895444,2150.0,76.70161290322581
2004-06-01,0.03844571428571429,0.03844571428571429,6.2875,5.6,3.1676679410158397,2020.0,79.36333333333333
2004-07-01,0.007084259259259259,0.007084259259259259,6.056,5.5,2.939575394665228,2112.0,60.95
2004-08-01,0.062033018867924526,0.06124833962264151,5.8675,5.400000000000001,2.5474254742547275,2056.0,70.37935483870967
2004-09-01,0.007388181818181818,0.007388181818181818,5.754,5.4,2.539168017287952,2041.0,75.086
2004-10-01,0.04073761467889909,0.04073761467889909,5.7225,5.5,3.1909140075716547,2097.0,102.4748387096774
2004-11-01,0.045970270270270265,0.045970270270270265,5.73,5.400000000000001,3.621621621621607,2079.0,72.18733333333333
2004-12-01,0.0438,0.0438,5.752000000000001,5.4,3.3423180592991875,2082.0,40.12580645161291
2005-01-01,-0.05942410714285714,-0.05942410714285714,5.71,5.3,2.8448738593666034,2139.0,66.99064516129032
2005-02-01,0.01826964285714286,0.01826964285714286,5.6275,5.4,3.0530262453133394,2114.0,63.73035714285714
2005-03-01,-0.01708828828828829,-0.01708828828828829,5.928,5.2,3.2068412613575736,2062.0,55.76258064516129
2005-04-01,0.02824909090909091,0.02824909090909091,5.855,5.2,3.3617929562433257,2150.0,66.458
2005-05-01,0.02848181818181818,0.02848181818181818,5.72,5.1,2.869287991498415,2085.0,73.0741935483871
2005-06-01,0.06208738738738739,0.06208738738738739,5.582,5.0,2.541026998411855,2178.0,59.68933333333334
2005-07-01,0.05835663716814159,0.05835663716814159,5.695,5.0,3.067160232681121,2203.0,50.88483870967743
2005-08-01,-0.030513157894736843,-0.030513157894736843,5.82,4.9,3.6469344608879526,2219.0,56.08838709677419
2005-09-01,0.0015973214285714286,0.0015973214285714286,5.774,5.0,4.741833508956806,2263.0,85.24833333333332
2005-10-01,-0.019895535714285713,-0.019895535714285713,6.065,5.0,4.350104821802936,2170.0,62.99677419354839
2005-11-01,0.028555357142857143,0.02825110714285714,6.33,5.0,3.338549817423053,2218.0,48.773
2005-12-01,0.004771681415929203,0.004771681415929203,6.272,4.9,3.338549817423053,2120.0,60.02741935483871
2006-01-01,0.061316814159292035,0.061316814159292035,6.145,4.7,4.018789144050117,2212.0,63.64354838709678
2006-02-01,0.01772,0.01772,6.2525,4.8,3.63825363825363,2141.0,59.09428571428571
2006-03-01,0.05462,0.05406532173913044,6.324,4.7,3.4179181771103018,2118.0,51.51064516129032
2006-04-01,-0.03742543859649122,-0.03742543859649122,6.5075,4.7,3.613835828600931,1998.0,69.78299999999999
2006-05-01,-0.02476283185840708,-0.02476283185840708,6.5975,4.6,3.977272727272729,1905.0,67.5151612903226
2006-06-01,0.04544867256637168,0.04544867256637168,6.682,4.6,4.1817243159525175,1867.0,67.88633333333334
2006-07-01,0.01827207207207207,0.01827207207207207,6.7625,4.7,4.104669061056954,1763.0,74.71290322580644
2006-08-01,0.04081441441441442,0.03991823423423423,6.523999999999999,4.7,3.926568077511483,1722.0,71.14838709677419
2006-09-01,0.018916363636363637,0.018916363636363637,6.4025,4.5,2.012072434607637,1655.0,39.139
2006-10-01,0.05860654205607477,0.057877794392523364,6.357499999999999,4.4,1.4063284781516971,1570.0,42.93870967741936
2006-11-01,0.034558490566037735,0.034558490566037735,6.24,4.5,1.9687026754164672,1535.0,50.215999999999994
2006-12-01,0.0002846153846153845,0.0002846153846153845,6.135,4.4,2.5239777889954462,1638.0,38.20903225806452
2007-01-01,0.049801960784313724,0.049801960784313724,6.2175,4.6,2.075765178123423,1626.0,56.95483870967742
2007-02-01,-0.00976930693069307,-0.00976930693069307,6.284999999999999,4.5,2.420260782347028,1598.0,58.37785714285714
2007-03-01,-0.009588888888888888,-0.009588888888888888,6.156000000000001,4.4,2.798197295943927,1596.0,54.72451612903225
2007-04-01,0.0077599999999999995,0.0077599999999999995,6.180000000000001,4.5,2.5929247633283525,1470.0,44.371
2007-05-01,0.007845263157894737,0.007845263157894737,6.262000000000001,4.4,2.709885742672613,1493.0,55.788387096774194
2007-06-01,-0.05493684210526316,-0.05493684210526316,6.657500000000001,4.6,2.692765113974227,1407.0,50.80166666666666
2007-07-01,-0.07665913978494623,-0.07692554838709677,6.695,4.7,2.317890586495808,1361.0,38.93387096774194
2007-08-01,0.06233222222222222,0.06233222222222222,6.572,4.6,1.897448478900876,1321.0,81.75161290322582
2007-09-01,0.02040449438202247,0.02040449438202247,6.3825,4.7,2.8338264299802685,1261.0,79.89133333333332
2007-10-01,0.010477011494252873,0.010477011494252873,6.375,4.7,3.610698365527476,1192.0,72.21290322580644
2007-11-01,-0.07687471264367816,-0.07687471264367816,6.208,4.7,4.373267326732666,1224.0,64.19
2007-12-01,-0.046540229885057474,-0.046540229885057474,6.095,5.0,4.108813392417532,1149.0,91.99612903225808
2008-01-01,0.0002918604651162789,0.0002918604651162789,5.758,5.0,4.294695655165981,1094.0,182.06129032258065
2008-02-01,-0.030915116279069767,-0.030915116279069767,5.9175,4.9,4.142959270611968,1014.0,118.06724137931032
2008-03-01,0.034116091954022994,0.03715489655172414,5.97,5.1,3.974903550134434,967.0,121.86903225806452
2008-04-01,0.048116091954022985,0.048116091954022985,5.9174999999999995,5.0,3.9037609759888134,1008.0,100.466
2008-05-01,0.010306896551724138,0.010306896551724138,6.036,5.4,4.088413823123993,995.0,84.7341935483871
2008-06-01,-0.10135977011494254,-0.10022096551724138,6.32,5.6,4.935966105947864,1180.0,98.481
2008-07-01,0.03872558139534884,0.037449674418604646,6.425999999999999,5.8,5.497512078341837,921.0,101.74806451612905
2008-08-01,0.030415116279069766,0.030415116279069766,6.477500000000001,6.1000000000000005,5.308017162091239,858.0,91.43612903225808
2008-09-01,-0.001137209302325581,0.0014882325581395347,6.0375000000000005,6.1000000000000005,4.953319875136075,797.0,183.9743333333333
2008-10-01,-0.30435,-0.21728209302325582,6.2,6.5,3.7310578899565128,736.0,243.46741935483868
2008-11-01,-0.2153670588235294,-0.15785891764705884,6.0875,6.8,1.0999174706166848,626.0,220.6486666666666
2008-12-01,0.165289156626506,0.11991253012048189,5.286,7.3,-0.022228002553859,554.0,165.27870967741936
2009-01-01,-0.1232345238095238,-0.12227019047619049,5.047499999999999,7.799999999999999,-0.1135860190221271,545.0,215.2174193548387
2009-02-01,-0.196085,-0.17580785000000002,5.13,8.3,0.0084631406715107,558.0,238.86000000000004
2009-03-01,0.05820632911392405,0.05501812658227846,5.0025,8.7,-0.4464787676623838,513.0,189.9348387096774
2009-04-01,0.35420864197530866,0.20435822222222214,4.8100000000000005,9.0,-0.5763244243767063,521.0,139.217
2009-05-01,0.04559634146341464,0.03647536585365852,4.8575,9.4,-1.015761495855172,556.0,122.90709677419356
2009-06-01,-0.0164283950617284,-0.01575787654320988,5.42,9.5,-1.2291746182109151,601.0,107.17366666666666
2009-07-01,0.08430123456790124,0.08430123456790124,5.222,9.5,-1.9587610037622771,595.0,121.45838709677422
2009-08-01,0.16094819277108433,0.12347667469879516,5.1925,9.6,-1.4838355663267633,616.0,94.85806451612903
2009-09-01,0.08252619047619048,0.06271528571428571,5.0575,9.8,-1.377942862886472,609.0,91.19866666666668
2009-10-01,-0.05525357142857143,-0.05375623809523809,4.952,10.0,-0.22396829420033842,583.0,81.96032258064515
2009-11-01,0.04455411764705883,0.04455411764705883,4.875,9.9,1.9145871744709275,623.0,111.37866666666666
2009-12-01,0.08173809523809523,0.08148866666666665,4.93,9.9,2.8141231232083674,664.0,129.59
2010-01-01,-0.023802380952380953,-0.023802380952380953,5.03,9.8,2.621111388976716,636.0,156.72870967741937
2010-02-01,0.036912941176470586,0.03682381176470588,4.99,9.8,2.151336357866529,650.0,151.77142857142857
2010-03-01,0.1334390804597701,0.11068036781609193,4.9675,9.9,2.2861714393279886,687.0,110.02806451612902
2010-04-01,0.08481818181818182,0.07464681818181818,5.098000000000001,9.9,2.2067707525304403,637.0,87.81633333333333
2010-05-01,-0.06257078651685394,-0.06257078651685394,4.8875,9.6,2.003548929218568,575.0,118.8854838709677
2010-06-01,-0.05513932584269663,-0.05251613483146068,4.7375,9.4,1.1215605940686268,587.0,127.63266666666668
2010-07-01,0.08796888888888889,0.08292942222222223,4.564,9.4,1.3407784804821077,579.0,176.8041935483871
2010-08-01,-0.03436333333333333,-0.03310026666666666,4.4275,9.5,1.1501775395112546,580.0,161.46967741935484
2010-09-01,0.05503,0.05503,4.346,9.5,1.1183122472331777,563.0,213.92533333333333
2010-10-01,0.05662197802197803,0.05322167032967032,4.225,9.4,1.1666951489314623,558.0,229.3158064516129
2010-11-01,-0.021494565217391303,-0.021494565217391303,4.3,9.8,1.084544776600338,560.0,169.89633333333333
2010-12-01,0.05411290322580645,0.05411290322580645,4.714,9.3,1.4377930222179367,632.0,157.47
2011-01-01,0.0317752688172043,0.030328344086021503,4.755,9.1,1.7007834915029774,576.0,139.74677419354836
2011-02-01,0.04012150537634409,0.04012150537634409,4.9525,9.0,2.124898173333145,542.0,118.35964285714286
2011-03-01,-0.015440425531914893,-0.015440425531914893,4.836,9.0,2.619241510354109,583.0,140.79451612903227
2011-04-01,0.043364893617021276,0.043364893617021276,4.84,9.1,3.077234444786869,581.0,116.03166666666668
2011-05-01,-0.0021,-0.0018022083333333336,4.6375,9.0,3.4589718808965,618.0,93.21774193548389
2011-06-01,-0.028547368421052634,-0.028547368421052634,4.51,9.1,3.502318150636041,636.0,126.0586666666667
2011-07-01,0.005222105263157894,0.005180252631578946,4.545,9.0,3.5798809769996165,621.0,200.15064516129036
2011-08-01,-0.08070531914893617,-0.07785408510638298,4.27,9.0,3.75499603070808,647.0,253.91870967741934
2011-09-01,-0.10926063829787235,-0.10848417021276595,4.106,9.0,3.812621692818685,610.0,221.50666666666663
2011-10-01,0.13165263157894735,0.1283267789473684,4.0675,8.8,3.522268130664053,671.0,133.75290322580645
2011-11-01,-0.03144842105263158,-0.031842905263157896,3.9925,8.6,3.4514322145817293,706.0,133.72266666666667
2011-12-01,0.04978315789473684,0.04965814736842105,3.9579999999999997,8.5,3.062066838419386,697.0,186.00387096774196
2012-01-01,0.07869473684210526,0.07866446315789473,3.915,8.3,3.0087663379855023,712.0,156.16677419354838
2012-02-01,0.0014153061224489792,0.0014153061224489792,3.89,8.3,2.898178442347388,738.0,112.6948275862069
2012-03-01,0.04269591836734694,0.04269591836734694,3.954,8.2,2.5828752813320977,806.0,90.24903225806449
2012-04-01,0.020314285714285715,0.020314285714285715,3.91,8.2,2.2731633741348567,732.0,94.95400000000001
2012-05-01,-0.043487755102040816,-0.043487755102040816,3.798,8.2,1.7379429374660749,796.0,120.23387096774194
2012-06-01,0.06417755102040816,0.06417755102040816,3.675,8.2,1.653870448297634,794.0,169.62566666666666
2012-07-01,0.0199030303030303,0.017942666666666666,3.55,8.2,1.4175114798464783,849.0,171.5925806451613
2012-08-01,0.018453,0.018453,3.6019999999999994,8.1,1.6859349154821237,840.0,149.64612903225805
2012-09-01,0.004501980198019802,0.004501980198019802,3.4975,7.8,1.9497168982819613,930.0,146.60366666666667
2012-10-01,-0.002500980392156863,-0.002500980392156863,3.3825000000000003,7.8,2.1556780595369363,887.0,161.69774193548386
2012-11-01,0.001107692307692308,0.001107692307692308,3.3519999999999994,7.700000000000001,1.7960197033926262,917.0,208.1903333333333
2012-12-01,0.037946153846153845,0.037946153846153845,3.3449999999999998,7.9,1.7595049796895523,941.0,211.77129032258063
2013-01-01,0.053424761904761905,0.053424761904761905,3.414,8.0,1.684061762098299,940.0,204.0032258064516
2013-02-01,0.024762727272727273,0.024638399999999998,3.5325,7.7,2.0181404902574807,980.0,145.20964285714285
2013-03-01,0.06351441441441441,0.04630922522522522,3.565,7.5,1.5187472411246183,936.0,137.8290322580645
2013-04-01,0.040535714285714286,0.040535714285714286,3.4450000000000003,7.6,1.138808047576867,1012.0,89.16766666666668
2013-05-01,-0.043704504504504506,-0.043704504504504506,3.536,7.5,1.3903888279197083,1003.0,78.37612903225806
2013-06-01,-0.026785087719298245,-0.026785087719298245,4.07,7.5,1.7157935271568725,942.0,81.67000000000002
2013-07-01,0.013924561403508772,0.013924561403508772,4.37,7.3,1.885471805415806,997.0,93.22290322580643
2013-08-01,-0.0698076923076923,-0.0698076923076923,4.456,7.2,1.5388094886002792,964.0,92.87741935483872
2013-09-01,0.03844786324786325,0.03844786324786325,4.49,7.2,1.0947341081747997,1004.0,116.717
2013-10-01,0.04548632478632479,0.04548632478632479,4.192,7.2,0.8767991434911471,1044.0,176.28096774193548
2013-11-01,-0.02936,-0.02936,4.255,6.9,1.2328701961954458,1029.0,83.81566666666666
2013-12-01,0.004496694214876033,0.004496694214876033,4.4575,6.7,1.5128383667573295,1005.0,90.93870967741935
2014-01-01,0.02269421487603306,0.02269421487603306,4.432,6.6,1.557758795574915,976.0,95.62741935483872
2014-02-01,0.0435688524590164,0.0435688524590164,4.3025,6.7,1.1204746347724948,1039.0,83.49142857142859
2014-03-01,0.0025434426229508193,0.0025434426229508193,4.3425,6.7,1.6126949139408042,1067.0,72.9306451612903
2014-04-01,0.014229508196721311,0.014229508196721311,4.3375,6.2,2.015125303606169,1090.0,63.76
2014-05-01,0.023465079365079366,0.023465079365079366,4.192,6.3,2.166947687079812,1018.0,68.4025806451613
2014-06-01,0.02251181102362205,0.02251181102362205,4.1625,6.1,2.0589816945944195,1010.0,68.896
2014-07-01,-0.005785271317829456,-0.008218418604651164,4.13,6.2,1.9742378703305972,1076.0,72.39387096774193
2014-08-01,0.031322480620155045,0.031322480620155045,4.115,6.1,1.7150983482969062,1047.0,53.53774193548387
2014-09-01,-0.057251162790697675,-0.057251162790697675,4.1625,5.9,1.6840509711232077,1077.0,57.967666666666666
2014-10-01,0.08654573643410853,0.08661017054263566,4.036,5.7,1.6095417021513292,1094.0,66.28516129032259
2014-11-01,0.012017692307692307,0.010094030769230768,3.9974999999999996,5.8,1.231524989320798,1059.0,58.178
2014-12-01,0.016325185185185186,0.016325185185185186,3.864,5.6,0.6531213919623191,1072.0,66.2416129032258
2015-01-01,0.053026315789473685,0.05270845112781955,3.67,5.7,-0.2299309782054281,1049.0,80.64967741935483
2015-02-01,-0.0176375,-0.0176375,3.71,5.5,-0.0870314629352053,1127.0,68.65714285714286
2015-03-01,0.014015942028985507,0.01457817391304348,3.77,5.4,-0.0220312844238734,1072.0,62.27483870967742
2015-04-01,-0.04003985507246377,-0.04092011594202899,3.672,5.4,-0.1040309893939106,1166.0,66.03
2015-05-01,-0.0061257142857142855,-0.0061257142857142855,3.8400000000000003,5.6,0.0350332182442958,1272.0,62.859677419354846
2015-06-01,-0.036460839160839156,-0.036460839160839156,3.9824999999999995,5.3,0.1795718097550525,1379.0,67.026
2015-07-01,0.036843356643356646,0.036843356643356646,4.046,5.2,0.2256861110409458,1140.0,74.31193548387097
2015-08-01,-0.0682169014084507,-0.0682169014084507,3.905,5.1,0.24130379853448677,1165.0,76.01096774193549
2015-09-01,0.017080851063829786,0.017080851063829786,3.89,5.0,0.00884296163417,1144.0,87.062
2015-10-01,0.06341642857142857,0.06341642857142857,3.7959999999999994,5.0,0.127616560670507,1160.0,65.7516129032258
2015-11-01,0.004325531914893617,0.004325531914893617,3.9425000000000003,5.1,0.4363182169185187,1244.0,55.510666666666665
2015-12-01,-0.006287943262411347,-0.005120652482269504,3.964,5.0,0.6387247515364791,1211.0,71.08064516129032
2016-01-01,-0.036475,-0.036475,3.8725,4.8,1.2375025026943876,1171.0,80.38064516129033
2016-02-01,0.002023404255319149,0.002023404255319149,3.6600000000000006,4.9,0.8472775790126619,1172.0,78.93103448275862
2016-03-01,0.10030647482014389,0.09831689208633093,3.694,5.0,0.8916160965521946,1118.0,63.629999999999995
2016-04-01,0.00042571428571428594,0.00042571428571428594,3.605,5.1,1.1726257503534845,1160.0,52.43566666666666
2016-05-01,0.02141654676258993,0.02141654676258993,3.6,4.8,1.0784764621246223,1205.0,55.18161290322581
2016-06-01,0.07288129496402877,0.07243128057553956,3.568,4.9,1.0792865347959424,1208.0,133.648
2016-07-01,0.0561,0.05538544680851064,3.44,4.8,0.8683633430518256,1198.0,94.67
2016-08-01,-0.021062857142857144,-0.018001600000000003,3.435,4.9,1.0553158595656864,1201.0,71.41258064516128
2016-09-01,-0.01746830985915493,-0.017660394366197183,3.46,5.0,1.5486446201652182,1303.0,50.28933333333334
2016-10-01,-0.045361267605633804,-0.045361267605633804,3.47,4.9,1.685924966243646,1254.0,69.44645161290323
2016-11-01,0.011748251748251748,0.008950601398601397,3.77,4.7,1.6843334719788938,1230.0,125.67233333333334
2016-12-01,0.0573625,0.05627655555555555,4.198,4.7,2.0507989115119862,1248.0,123.92709677419356
2017-01-01,0.002767361111111111,0.002767361111111111,4.15,4.7,2.510393348257112,1303.0,144.13548387096773
2017-02-01,0.031270068027210884,0.031270068027210884,4.1675,4.6,2.8103616813294208,1234.0,119.4275
2017-03-01,-0.018661486486486484,-0.018661486486486484,4.196,4.4,2.44119623655914,1272.0,112.85290322580646
2017-04-01,0.009429054054054054,0.009429054054054054,4.045,4.4,2.176223471915395,1251.0,101.35633333333334
2017-05-01,-0.018785714285714288,-0.017744979591836737,4.01,4.4,1.856343166761976,1208.0,92.18935483870968
2017-06-01,0.029025517241379313,0.028748441379310343,3.9040000000000004,4.3,1.640565809959127,1353.0,95.06
2017-07-01,0.01718843537414966,0.01718843537414966,3.9675,4.3,1.7251073506566073,1256.0,100.40903225806451
2017-08-01,-0.007443835616438356,-0.007443835616438356,3.8800000000000003,4.4,1.9281215572969799,1319.0,73.28774193548388
2017-09-01,0.008738461538461539,0.008738461538461539,3.805,4.3,2.1805652303711787,1273.0,84.18766666666667
2017-10-01,-0.006240140845070422,-0.006240140845070422,3.895,4.2,2.020757753132485,1356.0,70.21064516129033
2017-11-01,0.023688732394366196,0.023929492957746476,3.9219999999999997,4.2,2.172493864295566,1299.0,91.195
2017-12-01,0.0042753521126760565,0.0006459436619718296,3.9499999999999997,4.1,2.129930719552253,1311.0,90.5725806451613
2018-01-01,-0.04297605633802817,-0.04218740845070423,4.032500000000001,4.0,2.151318868063945,1317.0,114.8
2018-02-01,-0.07825633802816902,-0.07752191549295775,4.33,4.1,2.263468931091861,1321.0,84.03857142857143
2018-03-01,0.03755310344827586,0.036746979310344825,4.444,4.0,2.3309497646499366,1385.0,76.3758064516129
2018-04-01,0.020337931034482757,0.020337931034482757,4.4675,4.0,2.4709963021052994,1378.0,88.596
2018-05-01,0.05151241379310345,0.04991809655172414,4.586,3.8,2.781921607842497,1338.0,87.8674193548387
2018-06-01,0.041354794520547945,0.041354794520547945,4.57,4.0,2.8075506935940187,1345.0,103.78933333333332
2018-07-01,1.3793103448277213e-06,1.3793103448277213e-06,4.5275,3.8,2.854124785561929,1334.0,99.5267741935484
2018-08-01,0.032193835616438356,0.03134742465753424,4.55,3.8,2.642923856874257,1273.0,85.71451612903226
2018-09-01,-0.022724657534246576,-0.022724657534246576,4.6275,3.7,2.332055105808828,1314.0,67.36266666666667
2018-10-01,-0.052108904109589044,-0.052108904109589044,4.83,3.8,2.492032470218053,1272.0,90.25129032258064
2018-11-01,0.02248551724137931,0.022553020689655173,4.866,3.8,2.147328577667773,1340.0,79.472
2018-12-01,-0.08652361111111112,-0.08626266666666667,4.6375,3.9000000000000004,2.0023809043401064,1317.0,127.53290322580645
2019-01-01,0.1414544827586207,0.1330544275862069,4.464,4.0,1.4875893578291333,1254.0,146.58741935483872
2019-02-01,0.006093103448275862,0.007941986206896552,4.37,3.8,1.5188615351321877,1286.0,82.65035714285715
2019-03-01,0.02746551724137931,0.0274895724137931,4.265,3.8,1.8831863513063984,1295.0,94.65645161290324
2019-04-01,0.010001379310344827,0.008358703448275861,4.1425,3.7,2.000583470209061,1322.0,78.739
2019-05-01,-0.012149295774647888,-0.01043194366197183,4.072,3.6,1.7959105553606136,1347.0,94.45225806451612
2019-06-01,0.013981818181818182,0.013099384615384615,3.8025,3.6000000000000005,1.671194894390049,1299.0,137.37066666666666
2019-07-01,0.013586713286713287,0.013586713286713287,3.7649999999999997,3.7,1.826331335037068,1379.0,94.79645161290324
2019-08-01,0.006452112676056338,0.006443126760563379,3.6159999999999997,3.6,1.7376412106666406,1482.0,155.2332258064516
2019-09-01,0.05108591549295775,0.04949487323943662,3.605,3.5,1.6844977040391562,1469.0,118.307
2019-10-01,0.019228169014084508,0.019228169014084508,3.688,3.6,1.7339736996186297,1523.0,98.00290322580646
2019-11-01,-0.005800709219858155,-0.005800709219858155,3.695,3.6,2.092290394862917,1535.0,81.042
2019-12-01,0.0011985915492957746,0.001361183098591549,3.72,3.6,2.3195274699624457,1443.0,121.30741935483869
2020-01-01,-0.00671063829787234,-0.00671063829787234,3.624,3.6,2.599767976845202,1495.0,110.07451612903226
2020-02-01,-0.06892695035460993,-0.07564300709219858,3.4650000000000003,3.5,2.34131667975952,1455.0,113.26
2020-03-01,-0.2661207407407407,-0.18131946666666668,3.45,4.4,1.4940399642909163,1346.0,380.3896774193548
2020-04-01,0.1117036496350365,0.0990209927007299,3.306,14.8,0.3130472940411133,1076.0,555.3246666666666
2020-05-01,-0.002014598540145985,-0.003282043795620441,3.2325,13.2,0.1982013035848551,1250.0,484.1822580645161
2020-06-01,0.05426934306569343,0.05094119708029197,3.1625,11.0,0.7166562831830481,1334.0,313.916
2020-07-01,0.0013304347826086954,0.002493565217391303,3.016,10.2,0.9968647625897995,1546.0,359.45258064516133
2020-08-01,0.021851449275362318,0.018997623188405793,2.935,8.4,1.2810698495523851,1533.0,298.5867741935484
2020-09-01,-0.044828571428571426,-0.04126882857142857,2.89,7.8,1.3910228912373812,1636.0,247.73666666666665
2020-10-01,-0.027331205673758865,-0.02930958865248227,2.834,6.9,1.2303863428671624,1613.0,271.4293548387097
2020-11-01,0.204851724137931,0.1540619310344827,2.765,6.7,1.1757452138405844,1703.0,264.6863333333333
2020-12-01,0.04225625,0.04184313888888888,2.684,6.7,1.3204191315779434,1752.0,238.67387096774195
2021-01-01,0.014660416666666667,0.004899972222222218,2.735,6.4,1.3738437137002402,1855.0,216.06225806451613
2021-02-01,0.07325069444444444,0.07272019444444444,2.81,6.2,1.6698167791706853,1711.0,154.39642857142857
2021-03-01,0.03033241379310345,0.033273793103448274,3.0825,6.1,2.6678187820641908,1756.0,176.70193548387098
2021-04-01,0.06684166666666666,0.06713463888888889,3.06,6.1,4.133077115360573,1721.0,122.48066666666666
2021-05-01,0.011808965517241381,0.010432579310344827,2.9625,5.8,4.918257089467626,1703.0,129.4448387096774
2021-06-01,0.03380347222222222,0.03112305555555555,2.975,5.9,5.295632620349999,1654.0,113.146
2021-07-01,0.02313846153846154,0.02744388811188811,2.868,5.4,5.245169381309234,1658.0,130.01032258064518
2021-08-01,0.008953146853146854,0.009380335664335665,2.8425,5.1,5.152015301793966,1736.0,124.14419354838714
2021-09-01,-0.03215214285714285,-0.03215214285714285,2.9,4.7,5.351215590949132,1640.0,120.22966666666666
2021-10-01,0.048549640287769785,0.04877401438848921,3.0675,4.5,6.235042390298062,1707.0,109.6483870967742
2021-11-01,-0.013223571428571428,-0.01333394285714286,3.0675,4.1,6.901970403700863,1765.0,135.15266666666668
2021-12-01,0.09221654676258992,0.08554871942446042,3.098,3.9000000000000004,7.174340285065539,1919.0,137.1274193548387
2022-01-01,-0.05887608695652174,-0.05887608695652174,3.4450000000000003,4.0,7.558805726967833,1920.0,145.67000000000002
2022-02-01,-0.007767883211678832,-0.009556583941605842,3.7624999999999997,3.8999999999999995,7.937278766517819,1857.0,127.98964285714284
2022-03-01,0.055685294117647055,0.055685294117647055,4.172,3.7,8.572204966013853,1868.0,186.61451612903227
2022-04-01,-0.04777910447761194,-0.04696211940298508,4.9825,3.7,8.231750770777225,1859.0,136.31366666666665
2022-05-01,-0.03004812030075188,-0.030127819548872184,5.23,3.6,8.538171195642065,1704.0,133.7783870967742
2022-06-01,-0.08983053435114503,-0.0892286106870229,5.522,3.6,8.979361103105798,1737.0,133.46733333333333
2022-07-01,0.08901472868217054,0.08744697674418604,5.4125,3.5,8.462576727730099,1703.0,146.90064516129033
2022-08-01,-0.059994488188976375,-0.05990875590551181,5.2225,3.6,8.222579178218826,1557.0,119.1632258064516
2022-09-01,-0.1257547619047619,-0.12086088888888889,6.112,3.5,8.192106896425821,1600.0,109.556
2022-10-01,0.0830983870967742,0.08087325806451612,6.9,3.6,7.758813957693,1594.0,139.82999999999998
2022-11-01,0.0470552,0.04129459199999999,6.805,3.6,7.122856456533988,1401.0,147.65466666666669
2022-12-01,-0.07271935483870968,-0.0709381935483871,6.364,3.5,6.404600402357152,1410.0,132.44451612903225
2023-01-01,0.1084744,0.105575168,6.2725,3.5,6.327178517960098,1410.0,186.76645161290324
2023-02-01,-0.06681129032258064,-0.06638729032258066,6.2575,3.6,5.957820738137087,1618.0,120.97035714285714
2023-03-01,-0.0626258064516129,-0.059594225806451614,6.544,3.5,4.917719362889961,1480.0,140.28096774193548
2023-04-01,-0.01683089430894309,-0.016773268292682924,6.342499999999999,3.4,4.950079879124369,1474.0,138.75733333333335
2023-05-01,-0.01949758064516129,-0.02013690322580645,6.425,3.6,4.131851231385042,1575.0,190.45548387096773
2023-06-01,0.06430887096774193,0.06401732258064516,6.714,3.6,3.070617072997095,1464.0,122.38633333333334
2023-07-01,0.045347154471544714,0.04443271544715447,6.84,3.5,3.287749268428297,1522.0,101.65290322580644
2023-08-01,-0.04050672268907563,-0.03997173109243698,7.072,3.7,3.722504803505289,1561.0,97.61935483870968
2023-09-01,-0.056554621848739495,-0.05800127731092437,7.2,3.7,3.6872066381192563,1537.0,89.22933333333334
2023-10-01,-0.041355462184873945,-0.04066984873949579,7.62,3.9,3.2512659098611785,1528.0,140.11
2023-11-01,0.09885882352941178,0.09740628571428571,7.442,3.7,3.133346274591186,1503.0,114.53366666666668
2023-12-01,0.09949499999999999,0.09637706666666666,6.815,3.8,3.3159099427102934,1519.0,128.02548387096775
2024-01-01,-0.049566386554621845,-0.04833381512605042,6.6425,3.7,3.0883429864855705,1545.0,143.06548387096774
2024-02-01,0.001404201680672269,0.0013185882352941168,6.776000000000001,3.9,3.157074141648697,1577.0,133.40724137931034
2024-03-01,0.038669166666666664,0.03902323333333334,6.820000000000001,3.9,3.4868349120836584,1476.0,112.76225806451612
2024-04-01,-0.049079831932773106,-0.04980652100840336,6.9925,3.9,3.3607951262196734,1459.0,119.90033333333332
2024-05-01,0.03634705882352941,0.03582278991596639,7.06,3.9,3.244278584003113,1407.0,91.20129032258065
2024-06-01,0.007947863247863248,0.007947863247863248,6.9175,4.1,2.9702579486470926,1461.0,86.59966666666666
2024-07-01,0.08697983193277312,0.08655176470588234,6.847499999999999,4.2,2.9414757935583014,1436.0,144.071935483871
2024-08-01,0.03498220338983051,0.034690033898305085,6.5,4.2,2.607144490692037,1476.0,104.58612903225809
2024-09-01,0.02601186440677966,0.025551254237288133,6.18,4.1,2.4264830315416708,1434.0,100.90399999999998
2024-10-01,-0.023169747899159664,-0.023169747899159664,6.428,4.1,2.578844053871343,1428.0,117.2658064516129
2024-11-01,0.04676916666666667,0.0389529,6.804999999999999,4.2,2.719472461284833,1508.0,232.69233333333332
2024-12-01,-0.06637416666666666,-0.06534426666666666,6.715,4.1,2.870690967509981,1480.0,184.91806451612905
